id,title,category,created_at
1,Tech Reel,tech,2024-12-29 19:27:31.152747
2,Fitness Reel,fitness,2025-08-21 21:52:47.525566
3,Comedy Reel,comedy,2026-04-07 17:23:55.425204
4,Memes Reel,memes,2025-04-08 15:17:48.597964
5,Food Reel,food,2024-11-28 02:13:30.592092
6,Gaming Reel,gaming,2026-06-19 13:32:57.796476
7,Gaming Reel,gaming,2025-06-28 01:58:09.469213
8,Fashion Reel,fashion,2024-08-26 06:58:44.639767
9,Memes Reel,memes,2024-07-25 07:13:14.041111
10,Fitness Reel,fitness,2024-09-08 23:30:53.318211
11,Tech Reel,tech,2025-09-22 05:16:54.184539
12,Memes Reel,memes,2026-01-20 11:33:14.784500
13,Sports Reel,sports,2025-04-25 06:18:17.244133
14,Fitness Reel,fitness,2024-08-06 06:56:10.103446
15,Beauty Reel,beauty,2025-03-26 15:33:54.153590
16,Education Reel,education,2026-06-18 12:43:14.840385
17,Comedy Reel,comedy,2025-07-12 09:22:39.404213
18,Comedy Reel,comedy,2026-05-31 05:40:43.995322
19,Fitness Reel,fitness,2026-03-11 15:58:31.635145
20,Gaming Reel,gaming,2024-06-29 06:28:43.156919
21,Gaming Reel,gaming,2025-11-29 08:32:52.365979
22,Sports Reel,sports,2025-10-31 20:37:04.287668
23,Beauty Reel,beauty,2025-07-18 03:06:17.913086
24,Comedy Reel,comedy,2025-01-01 19:03:00.154964
25,Sports Reel,sports,2025-10-02 02:14:00.527736
26,Gaming Reel,gaming,2024-09-10 08:52:40.984782
27,Memes Reel,memes,2025-05-04 11:17:40.474678
28,Tech Reel,tech,2025-05-18 07:39:54.435145
29,Memes Reel,memes,2026-05-18 15:02:30.834756
30,Sports Reel,sports,2026-03-22 16:13:56.028677
31,Education Reel,education,2024-12-30 06:48:33.479686
32,Gaming Reel,gaming,2025-06-21 13:14:03.629589
33,Music Reel,music,2024-10-29 09:14:16.459586
34,Beauty Reel,beauty,2026-04-18 12:57:07.584910
35,Food Reel,food,2026-03-18 18:42:45.382873
36,News Reel,news,2025-01-24 21:23:22.988639
37,Comedy Reel,comedy,2025-09-30 14:57:17.053640
38,News Reel,news,2025-09-08 17:22:20.388437
39,News Reel,news,2024-10-10 12:42:12.896108
40,Fashion Reel,fashion,2025-12-29 21:10:20.030241
41,Memes Reel,memes,2025-07-19 21:19:59.314842
42,Education Reel,education,2026-01-10 15:42:16.457508
43,Travel Reel,travel,2025-07-13 07:06:17.640188
44,Food Reel,food,2024-06-21 07:13:30.350258
45,Fashion Reel,fashion,2025-02-12 16:08:50.227395
46,Gaming Reel,gaming,2024-07-05 02:39:20.835219
47,News Reel,news,2026-04-30 13:42:35.502856
48,Travel Reel,travel,2026-03-24 18:31:44.631781
49,Fitness Reel,fitness,2026-02-18 09:33:35.100702
50,Fitness Reel,fitness,2025-01-31 12:23:20.143205
